courseId,tag,lastUpdated,length,effort,price
237,a1c8641b-26e5-40ee-9a12-71bd0523b30d,2020,2020-2021,96568d61-5d8a-4b35-a95a-4c5827627fdb,35
220,6b12b4dc-3f12-4b99-8f6e-dfcf7f4af33d,2020,2020-2021,72aa686e-9eb7-49c4-a262-c1ba8819aa91,35
220,a7d00759-445d-4f62-82e0-f7a222de039a,2020,2020-2021,912f2f87-e545-41bc-b962-6c4ffe3e63b7,52
130,5dec0fc7-e600-47e9-a0e8-73b9171777b6,2020,2020-2021,f5113fab-f865-4b06-9975-d699f4762b37,0
3,c79b7490-79dd-4675-88d0-4c02a9953ffb,2020,2020-2021,a4ac8c4e-1cba-4db6-a0da-5dd00e4d4c96,42
68,8c538500-0b95-4952-80ab-f9a050e8f815,2020,2020-2021,9d93a630-c440-402e-8252-f70c55faaf68,11
66,aac8c0d2-1e31-44f0-a831-0b9aa4a2c200,2020,2020-2021,33dea196-24c4-4b3b-b30e-17767973cd93,82
80,02ce0198-2c6e-425d-9464-b8eb8a49521b,2020,2020-2021,d3d30ae4-1d96-49e8-b7be-845f3322e43c,28
229,5c52dd87-c87a-4d6e-84c0-96a5b386595d,2020,2020-2021,ff3a51ef-c95e-4940-a690-ebf8ea58639a,27
136,2480db91-3eff-41b4-9b23-1ae8b3d97342,2020,2020-2021,eea36ca3-ff03-4896-b929-cfefa8dbc4e4,21
240,640b4d76-63ba-4b45-a140-6fe0c41d6022,2020,2020-2021,0dc760c7-6204-4852-b28b-05d5dffe4ab2,13
137,a8376393-d7aa-4954-af2a-69441a66837b,2020,2020-2021,70337b53-6d91-4bbd-bbd3-70fc0a18b6c6,42
96,249df8b1-5cd4-4e76-9bc2-24403109d18b,2020,2020-2021,51b928e0-b189-4a63-971e-315fbee2bbfa,1
187,d32445b1-1a7a-4976-b7e7-c06c1865c10b,2020,2020-2021,4535f20f-3c65-4e86-b133-d3d380f806ab,52
80,a0e8122d-bc13-4955-a481-345c8bfc04f2,2020,2020-2021,1e14970f-f4e6-426d-9d50-eb6fb9603231,58
135,3371a161-2247-453a-87a2-a5c2ff252667,2020,2020-2021,e82c60f3-68b6-414c-9356-4e6690029a9b,30
62,7175e069-32d7-443f-9376-7e73d557fed5,2020,2020-2021,c7f8a6de-38c8-4223-a763-e84bf962a470,89
45,19126c36-64ae-4112-a657-72a0c52b03a0,2020,2020-2021,c54abf97-3d2c-4ded-b4e2-09d751c9579e,32
49,12ca9903-b9c6-4282-a4fd-45833a697d80,2020,2020-2021,3b66d018-9991-4945-9947-cdd966f5089d,22
163,89d001ca-7f20-47d2-9b20-7de4c43c0f24,2020,2020-2021,57f04484-4423-4990-a715-667309a93b74,27
227,12d5ec02-85a2-4d46-9386-df9dc56b8335,2020,2020-2021,659eb11b-9265-4a63-823b-b84154d07f5e,14
155,28f8de33-1935-4e77-a709-c39b21efba26,2020,2020-2021,5c2c9515-f23f-41f3-a46a-85bb27dc4705,9
79,4d161ee8-d3f9-4ee8-8647-331aaae38f68,2020,2020-2021,00d6ff7d-d849-4b4d-be00-18b13608e0e4,67
168,a301e7bb-bd3d-41c3-a939-ffe9c3fc95b7,2020,2020-2021,8be9ec82-a2f7-48f6-a0cb-ecaf1fea4bfa,44
103,bbfa3072-c901-45ea-bb1f-06e526ca40a0,2020,2020-2021,fb1146fc-70c6-4cfc-9b2c-4b2f5c51efa6,45
232,6d305bc6-39de-43c4-83ce-8fb12670a26f,2020,2020-2021,81b9baa2-0012-49c2-b179-7284a05f153d,84
33,11d80d95-3238-44d2-b091-be3181a23ff3,2020,2020-2021,b8c816f9-3c59-4de1-aa6a-8512e8789206,44
229,a9e27f7e-29de-4dda-b902-93808b18502d,2020,2020-2021,a5d006c6-fbff-4663-a4d5-d3d59be19c45,36
60,66041a0a-848a-42ec-9a4b-d8d236baea18,2020,2020-2021,97f48c8d-ad04-4f97-b6a2-17ecb956b644,14
231,3f388b03-5e60-4fb8-aff3-ab93cbc2c17c,2020,2020-2021,ad8c3019-ab29-4238-b294-b3ab94b610e5,60
153,740423f9-d417-414b-a13b-b35e5806a4e2,2020,2020-2021,fc9c9328-48ce-4716-98ed-755bc4acafa9,47
174,e9f7f489-b161-48af-b80a-dfddb2b1ca57,2020,2020-2021,1b9339a7-0ba5-4126-bdc3-7986f6fd8090,93
161,60684c2f-f3e8-4ad7-afe1-96f1e69d6bd1,2020,2020-2021,3f031f2d-7143-41fa-b4c9-117481e1455f,37
144,f2251be5-439f-4aee-83bb-a747437ec2d8,2020,2020-2021,6577f0da-eb3c-497b-8bd8-0184b06e9169,74
160,6d9cd283-5894-40b4-9f8a-1e1908173782,2020,2020-2021,2abcc7e5-601d-44c4-a497-e534d5025abe,44
223,78b32e50-0d23-40e3-8a61-ae7ea13c342f,2020,2020-2021,6d1c7257-a6ac-4c00-8f9c-2043ff2a01db,98
76,5e0f781f-b5f5-4f60-8ef4-a2d7a27ae5fa,2020,2020-2021,2096b07d-3091-40d5-8787-e295e3fb0d1a,76
84,81f67cc7-081f-4bdf-a3fb-448dcf2f9430,2020,2020-2021,a3d4f3fe-9fcf-4d06-a71d-4fcb7f7827df,7
204,0bcbddd8-40e9-4c5b-858a-23074c8b4537,2020,2020-2021,98756d8e-6393-4bdb-b482-ad39f775a7db,13
116,9935bb8c-b7ca-4a05-94ff-0282354ae793,2020,2020-2021,9fb888eb-bb04-4ef4-af15-6abb0f373cfe,29
36,b45a2b9b-65a0-4ae1-8abb-20d94b56a94e,2020,2020-2021,b373163a-4455-4f8e-8353-ac4ce2296b4d,81
121,17835cfe-8861-4c5a-a2c5-b60540bd98df,2020,2020-2021,7e6a2e5d-52b6-442b-9a8f-4c55d5b2b61e,79
1,a2480687-b8d0-4493-8051-a1cf5d0521d1,2020,2020-2021,1668dbc0-81d8-4ab2-b6a5-c7575a9a2c62,32
156,a5be4809-5eaf-46af-af08-2be65af40cdb,2020,2020-2021,13fba657-03f2-4273-9566-3b8392819e3a,25
82,7546bd0a-e5cb-465d-9595-b7afcd2ed8e9,2020,2020-2021,12786750-cf3f-4093-a682-cc91f0783e4a,11
59,b6f5dfaa-5a9b-4f9e-a503-89a0cf2663ed,2020,2020-2021,fa101fb5-0e38-4861-b1b8-678d9412b875,88
196,a0e6f573-6057-4d49-ab54-21908d4a34a0,2020,2020-2021,f1b5bff0-a22b-4ab7-8ab2-82d040971da2,63
114,6be2fda8-c817-4f8d-ba41-008be210f32d,2020,2020-2021,c972a9de-9f14-42d5-9cb0-555bcecc3b8c,12
45,00b1b4f9-afc6-4208-8721-457a39e38ad7,2020,2020-2021,18f622e7-4226-4d5d-8f02-5eaa7654317c,72
208,1e82b2a8-0c42-4530-accb-a868d6e1b0ad,2020,2020-2021,baed69fa-51d4-4da8-b164-76aea9357ee3,29
80,f6020edb-32de-444d-b3c8-baa308860b5e,2020,2020-2021,15585a1c-92da-45fc-96e6-2cfb337a6498,74
89,891d3309-0ab8-40d7-aec4-dd3eb9dd4740,2020,2020-2021,90ef7f68-8d25-4665-8f73-e1e7d1045cf4,20
238,2a3528fa-357f-48ac-adc4-d78229733c5b,2020,2020-2021,97376f3b-d28c-44c4-9672-e23faac3d3d1,49
4,5a237784-b51b-4eea-b99a-53e1faee7563,2020,2020-2021,62c1772f-2c5b-4059-95d0-8647df4119ab,60
40,fd296c08-0290-4afc-8873-b7e345ce7a10,2020,2020-2021,593a63d3-a2eb-4c9d-af59-4449b6de9043,77
122,9be5042b-bd5f-4dca-8ea7-ef08675777af,2020,2020-2021,b4b8eb38-c905-4d58-bcbd-96aba8aee69f,60
185,56b08e43-cb09-4b5e-afbb-37c8d4ab721c,2020,2020-2021,6cd1fd18-36eb-4bb8-8aa9-d2b38421bb1a,97
222,3d420b5d-989f-4913-9de2-c95c0e5ced27,2020,2020-2021,7eeed3f3-3df6-4c6a-a2ec-a6bb75bdc028,86
170,a796ba32-f1ea-46b7-89fd-237fba3514f7,2020,2020-2021,341d0ad8-376e-4ceb-b73d-977791820b4b,46
101,e75bfa02-c6fc-4f0c-8689-6ae654ca65c0,2020,2020-2021,c34c2aed-463c-4d31-9e7d-87a717c4325f,42
53,d781cdd5-d49a-40be-8991-afdf497028d5,2020,2020-2021,575c9ba9-97a2-408c-ac7a-f7d2a7d4212d,75
25,cd43be54-eca9-4e13-833c-1d464a874e07,2020,2020-2021,87599dc8-5553-417b-9c74-b940b8afc9d5,80
206,059da340-3bc3-4f1e-b3c2-772fb252e466,2020,2020-2021,81be7f96-7e47-4f13-9bbf-16023bf5cda5,59
146,49e6090a-7ea6-40f6-9705-495f4cc47ebe,2020,2020-2021,99bafc79-ffed-4317-8c01-8cb978aa11b3,57
209,d93fb87d-0bac-4d1c-bd37-a9cbde3f4976,2020,2020-2021,128be81a-4022-4964-b6c7-aff30a14451e,24
216,b3c7ab07-1d29-4e1b-8a98-ff036473a96a,2020,2020-2021,84a862e8-b830-4a43-97c6-be8085f8f43e,62
218,9ab1560f-74f3-4277-846a-ed26fa173676,2020,2020-2021,13716d03-0ced-4041-b4df-0561543f89e4,23
163,9b242ea9-1e53-42d0-90e6-601c688bf6d9,2020,2020-2021,805bbd35-fb1c-480a-840c-dad9b7cd50f5,66
1,cc3d7e4c-47c6-48fc-941f-51c19401f8fe,2020,2020-2021,28ab5344-5068-4b2c-b142-d5355f048485,55
66,7e79a45c-51dc-4493-b7ba-47517a6be358,2020,2020-2021,d369a070-7201-447e-b0f5-306f3f4f6a69,21
101,23337965-1d73-40cf-b4e3-24f9e2f00b52,2020,2020-2021,399faae2-215f-40d8-ada3-c4445030c78f,89
201,8cba38f9-432b-4bbf-8394-d9ff314656d0,2020,2020-2021,8137232b-b014-4f05-acdf-487dd2358258,87
74,917b13ab-5bbd-43e9-83ef-6460eab4259e,2020,2020-2021,11f4803e-0777-4f51-9b31-7cad362815b0,88
74,11d25c33-ece2-41fc-be4f-aca720845ef7,2020,2020-2021,455f2183-12a5-451e-baf4-6ef9c2a94ff4,70
146,474484fb-4a26-4919-b510-23a8eb8710f8,2020,2020-2021,dc716704-d0fd-4b00-9222-4c69c8f1bd7e,83
240,ff3c5882-e1b6-4446-86e2-24ff934548f7,2020,2020-2021,a6b75be7-a9c2-4a2e-a3d2-b6fe5f69842b,74
21,ed22877f-f4c7-4572-b84f-1d0fc15c189c,2020,2020-2021,0d466864-0b6e-4b16-8fb1-e563241cf39f,27
125,00e43f8c-a50b-48f8-a12e-aecf1a85235c,2020,2020-2021,9fadc7dd-2019-41cb-9b34-1acb21467dc3,16
194,dec411d9-73ac-41bf-82c8-295cc7a595fc,2020,2020-2021,0d373667-567c-4b03-aa24-b35f785d6c1e,43
174,1555e454-a319-47f7-b17d-6267788ad8ff,2020,2020-2021,3aca1408-ed20-4b2e-becf-5d6e83b677dd,35
147,bd817e64-6d28-4f2a-8337-006758fa7cbf,2020,2020-2021,37464cc8-15eb-4633-8efd-e35531b34bb0,44
126,ebbe4677-1ae8-4a55-a790-d3d86783167a,2020,2020-2021,d52d184e-9eac-45e6-a645-1a7285c790b8,42
205,ba0a6533-5a8c-4552-8f4f-bf240d8857ad,2020,2020-2021,160c79e8-fbdd-4169-8566-de176cf3cbcc,57
240,d80c5d9f-7c04-480a-ba1e-6312d3b46b45,2020,2020-2021,1aea1fab-18a7-436f-bc60-f06962c48a7a,93
235,937f857d-0125-4fcf-8a40-8eef5c019879,2020,2020-2021,0e385df0-5180-464f-a60c-3906217019a0,96
240,070a20bc-1624-4a3c-b3ea-5657dfc03bd3,2020,2020-2021,3d4cc54f-85dd-4379-8795-981edda9508c,84
107,ca3cd0bd-79bb-46b2-8cf9-bd4e50f1996f,2020,2020-2021,5c53a3fb-72ad-494c-af52-6f22ab38b04c,0
224,8916b12c-48e1-42d4-9d64-62938f7823d5,2020,2020-2021,3b1c714c-2848-4759-b444-10b93cfaf161,7
151,5b721479-652a-4605-b383-083548f91deb,2020,2020-2021,31a5f246-7cac-48cc-8708-ce795aa21cec,87
223,6a67bc96-c7eb-4750-b14a-f5599852d2e8,2020,2020-2021,49e8a248-a2a4-4e52-8341-56846a1c604d,12
108,c75f2677-95e8-4796-95fc-06256f2c419e,2020,2020-2021,6f50b7b3-7ee9-4866-b3aa-bba8658c473d,75
44,7bbbec1b-f639-47fa-821b-ae036a03124d,2020,2020-2021,0af0d48e-4aff-4393-9cd9-ac90100e10c9,63
141,9dafc266-0884-420f-84b5-46c3c1952c93,2020,2020-2021,5817ab06-1c14-4cef-a5f4-61a5ce02d528,84
173,8413b608-e2be-4069-94c6-859d03d1c194,2020,2020-2021,da6811f8-3a6e-4e36-878c-ba9c138d4ca6,20
181,aff9178b-bb7e-460b-9d72-5250b251797a,2020,2020-2021,0e7137a1-42b5-4197-af6b-7edf8507e0c1,20
179,7d217209-9d63-4e13-97cf-0c1d90a0bb66,2020,2020-2021,9660e5d6-738e-4b2b-a12c-e8f3fa9d10b2,4
8,cd21373b-adcc-4186-9e0e-70b1d77ab85b,2020,2020-2021,88731d0c-dfa2-4cd7-86c3-4be8c5ff57d1,81
58,e7659812-f84b-4a28-afe5-6bdb720cbfc3,2020,2020-2021,87427dce-f7f0-42b7-bf1d-852e9f29d45a,54
185,da39de53-1aa8-4a8d-a7a5-1ceb28bbd61e,2020,2020-2021,e8b497a1-a05a-48ee-924b-9ba03d8582d2,53
235,b2b3c103-4719-4fb1-a734-ec15b5872deb,2020,2020-2021,5682b6f8-4cac-48f7-a6f6-6cb7e72b82dd,12
168,ae9a3423-60dd-4cc4-b66c-9331138f8966,2020,2020-2021,e9d43a86-dead-4ec1-8cba-9b13c3333635,3
174,e3928ad0-8c10-4400-86e1-9cd57aafdde1,2020,2020-2021,89bf538d-0e35-49e8-a806-8b91b8e5b2d7,25
207,210733fa-e513-4afe-b8b3-ac4f662ab404,2020,2020-2021,7e489bd4-49b1-4c88-b937-17e208946d36,72
45,959e31a0-3fae-4481-ac98-bf543359c145,2020,2020-2021,a0bb7120-e4b7-46eb-9572-1ac571f89008,72
78,ca9a635a-d0f4-4ba3-bfb8-aabbd805a06d,2020,2020-2021,362f224f-398f-4931-becc-73decaa25b05,5
123,b177dda2-2391-47f0-98af-706905d36d6d,2020,2020-2021,4d3cff98-4ddc-4135-bca5-eba184b8c633,67
143,c97baf9a-58d5-464c-8905-6b3453dbb2bd,2020,2020-2021,e9263342-66a8-41fb-ab50-fa5b2ce606fa,62
123,103c9064-4317-48e9-b734-f647e36ba4e1,2020,2020-2021,612a3f78-5249-4745-8f0b-ac10303b0145,40
194,d9aecd81-fddf-4598-b2b7-824d74bee62b,2020,2020-2021,e6625b24-06c5-42e4-821a-fd46220c9736,10
238,83901a45-353b-4b13-9248-113ed0eba241,2020,2020-2021,14729b16-35f8-4fc4-aec8-f5717c43de20,97
73,a5e81589-57cf-4930-a019-494f3bdc7665,2020,2020-2021,af0c8b37-7705-41ac-9c6c-9dcf7c038007,29
201,fcc58f82-bf52-4384-963b-7ab27d461b06,2020,2020-2021,e39753ba-d68a-4b43-beaa-097dbf5397ba,19
34,d507f505-7e70-4c15-8986-33db877c0acb,2020,2020-2021,fbce7923-e404-4287-9a86-4fa52a9b5160,37
219,a7c34811-8f69-448c-b3a5-1d4323c56178,2020,2020-2021,726c39d8-ebf8-4731-aac1-2da11a0434dc,57
2,3f5d78a4-c742-476f-bcbd-7f8ce986558c,2020,2020-2021,19c228b7-bd3a-484a-83a6-ffdd2a4ee657,48
187,1006ea75-3f46-4989-b308-1022f727ec11,2020,2020-2021,87953509-da5c-47d6-ac24-e455cd02d672,31
163,a89bf082-72e1-4b43-bf55-5112ccfcf116,2020,2020-2021,53712e22-0e7b-42ba-9b53-8bd942223c87,92
149,fdc8878f-e859-4200-aa10-adfea484b185,2020,2020-2021,392625ff-41ed-4b22-8b84-68ca8cc036b5,84
104,4b22380b-0c47-41e8-8eb7-bd28e49c7655,2020,2020-2021,d2fa7764-f7e8-4c9d-b9a0-6f7526096330,52
76,392dddfc-f70a-4380-bd8a-a45667372d4c,2020,2020-2021,c9ad01e4-14ab-467f-977e-e31833846f32,79
15,cf964d38-8739-4bc6-827f-2af4a5b19995,2020,2020-2021,80c8ee8d-f26f-4702-aa97-e05c7d69b9a9,87
48,4cb9f976-7a83-4482-bbf9-058e2b685d77,2020,2020-2021,10709ec7-d92d-472a-b14e-a48e7f6208d9,0
104,843f5d6e-931b-42af-a92f-7340d929f629,2020,2020-2021,442492e2-540f-4bc8-9246-0b58ae812724,85
233,dd64607f-6d30-4f54-9ba7-96274026504f,2020,2020-2021,83e5fab2-43cd-4700-9ff4-6dbb00ddb925,76
141,b65ea0c7-426c-43c7-80b8-be6803ef00f0,2020,2020-2021,d2ad6b21-8a9b-4df6-ac03-df01ec7afe6d,17
234,927d5346-6da2-4eec-85fd-6daf56395488,2020,2020-2021,02b00041-b5dd-4b04-8c6a-0c5f335a09f9,46
106,8fde39f6-d13d-4bfd-b188-4d61c65cfd9e,2020,2020-2021,2f3188f1-6d92-4f3c-bced-2ec7816635cd,2
144,1e412462-d70c-4f6d-8c6c-63d6af267677,2020,2020-2021,a35000ce-9e3f-45be-bcef-460ce56b53ce,84
123,0a2a3621-ed9a-42dc-a6da-e532691e2212,2020,2020-2021,2cadece6-7c64-49f8-920e-70c4a1fe885d,71
207,09a2255f-26e5-448b-95fd-9db10d20430b,2020,2020-2021,ba58228b-8098-4de5-982d-a3cccc31aefe,68
5,04295422-b580-47ad-8e8e-4a11764d35fc,2020,2020-2021,b50db9fe-1610-45ce-b198-8632cd714d9b,88
175,ca194f51-662d-4222-a4c3-698308393486,2020,2020-2021,efdd3599-d295-462e-8e42-12bdce022e07,64
142,531f6bdc-d174-451c-81d7-7dfc0f4919c5,2020,2020-2021,c8dd8cb5-8dcb-436f-a885-122cde54f207,43
180,388d4b89-50a3-49c3-b393-9d2a20c9f805,2020,2020-2021,932a28c0-c520-4300-a46c-dedfb534e821,1
94,c27ca691-b046-4e67-aa55-7bf0bbe18fc8,2020,2020-2021,df28b41b-f228-4be5-918d-e9f501d7bad7,1
23,bd89549b-e028-4e36-8afd-50c52688c0f8,2020,2020-2021,7af63d5c-5139-4ab0-9fb0-b903153d54e3,88
193,78a1fc3c-6c00-4f3c-ba18-9b4805d678f8,2020,2020-2021,68a18d0b-785b-47b2-a1ad-ed53906b39b4,71
136,e51aa3c6-da37-410d-ade6-bb44548c49d3,2020,2020-2021,6a836f9d-6bb2-48f7-af27-860a8d44bee4,8
127,a9ffe64a-3bec-4224-b571-2017095e1099,2020,2020-2021,2b7b7f6c-6742-4636-b8b7-73e5896928d4,8
88,b59f2a25-c00c-489a-b547-60c02620e324,2020,2020-2021,43f71bd1-866e-4b33-a26f-69bce86d8415,46
55,88d225bb-dcf1-4d84-a1c1-101957d1e5bb,2020,2020-2021,d263e642-986a-4fef-852e-0e30d1b591c1,10
235,8543015a-53ce-4476-b563-634c82144991,2020,2020-2021,73ad01d1-7a22-4e9d-8591-12de723504c0,95
105,bb28019a-9b79-4a3e-bf7d-eef87139ea8a,2020,2020-2021,9cf6fac8-15f1-484f-b32c-cfac2cbc8097,35
125,73c23d4d-ce89-4e12-9d22-4350b733aa10,2020,2020-2021,256c4d38-4a26-4500-9a1d-2a55954ab46b,20
159,a48bc213-54b8-4c87-b5e5-194973629db4,2020,2020-2021,eb2041cb-ccd8-4868-821d-5b1e006df53d,72
86,7770ccea-8f8d-4101-be9d-29db593e2d8a,2020,2020-2021,c15f413d-f689-4d67-87f7-1e0d60a03fb3,30
142,64c54b2f-f7a4-4205-b844-013f1a9dab21,2020,2020-2021,057b94e6-4fc5-43d4-8596-89a16b2b0ce8,29
41,cc6e489f-c40a-49db-8ad4-8aa1eb24e83b,2020,2020-2021,4ff0693f-d0da-4a98-8a71-c01629541475,20
39,ca9c906e-1ec0-4bb3-96e1-36878f356153,2020,2020-2021,0a68d34e-9e08-43c2-8f8d-6dfd2eb07f60,62
32,412c5316-b263-425c-a05b-8f39ff507ce1,2020,2020-2021,80dcc4e3-1c4f-4b7f-aa4f-a1e2a5cb5b5e,10
200,92124442-c1ab-4a6d-990b-76f21cc5908a,2020,2020-2021,1669f885-ce60-497d-ba69-89ed8fc0d6f1,24
23,52cd255a-f17b-41b7-82b5-b850eb5bbf61,2020,2020-2021,adadc875-aebc-4096-b85a-07ee975c89df,38
26,eb781b71-044a-45e4-b97b-e71c92ff4498,2020,2020-2021,a0fc972d-95a9-4608-a4b6-dfd710809cb5,26
102,db12dbaf-74d8-4c43-b6d6-a9d39181ebbb,2020,2020-2021,0d374998-7dee-4c2c-a7f0-e2f9e280f00e,40
65,671dd620-1d31-472a-84c3-fecc09052a32,2020,2020-2021,cc322097-1b76-4e95-9150-ac83a269f3c3,42
1,b9f94753-bfee-4ec0-bda0-6741895db46f,2020,2020-2021,1b3075cb-1127-48db-ab17-acfb4260015a,6
220,7ed506bf-e405-4f40-a53b-dbd928a6be4a,2020,2020-2021,2f75c4c9-0443-4203-9800-c38666c20de2,34
29,f1a497e0-6441-4c46-83b3-c32b76026825,2020,2020-2021,f8243ea4-e595-45fb-9f03-3bd9e10e5201,78
49,0cdd6178-1f52-43db-9892-3b16ac03d209,2020,2020-2021,479c4c65-30da-4c57-9be7-5d13bc4a1764,89
70,612460a3-2daa-443e-b064-3655d4335b30,2020,2020-2021,f8756ce4-1ddc-41f7-abc5-3b217e004402,92
230,e8d50371-2403-4ea0-9c12-10293f686acf,2020,2020-2021,f5581dea-f922-4651-b2a3-fe6028321405,45
36,8e0ab108-b8a1-454a-8806-0ed4d4afe0f3,2020,2020-2021,07002b69-3e67-44f5-b400-45f749813f5e,36
134,2c285ff7-ab38-42b4-9865-d23d1cd7c168,2020,2020-2021,813f2620-4ae3-4f0f-b604-51b8024866f7,27
237,ace9dac9-bb5a-4ec6-af40-d60dcd7c666d,2020,2020-2021,dee139fc-9142-4e72-80b1-ccf0c226d816,93
224,23f7951e-fc5c-4bf2-9692-4d3db9889b0e,2020,2020-2021,384bc069-82f8-48a7-bfaa-dec49d3309db,50
105,bda3eb76-240c-41b1-bfcc-2a8ad7d7ef8b,2020,2020-2021,5fc7f012-65ed-4dd4-b13c-4405d04b0c07,74
115,ff64925e-9b29-4c85-97aa-a9b1bec94f1b,2020,2020-2021,fa80d909-1fea-4f60-8c99-bc3545406806,37
140,0fa4240c-b39f-47ba-878b-05169b0f2389,2020,2020-2021,1022acad-4d84-453e-b9c4-7b71c930e279,91
246,c7b56ba9-bb5f-47e5-8939-f881c55e2a37,2020,2020-2021,cfffc209-71f3-4c2c-b9fb-ce7de92154e1,44
81,a61fbfde-a401-4d0f-a619-446246c402fa,2020,2020-2021,d028e4b3-8100-4808-8c23-912d01cb8e55,0
11,830cf939-b205-438d-b95d-64643d56a851,2020,2020-2021,9ec8e81c-bb47-4e43-b7c5-0f1c0a6b5cd3,83
220,639d632a-a16d-4d79-a3e9-f989d294b0b7,2020,2020-2021,1d5c9a9c-3a85-4f64-b4f9-3b51583b682c,38
69,f95ab753-e41a-4a21-a6bc-d17492308615,2020,2020-2021,07f493a7-94f4-47f1-8fa2-d6c37994cb55,34
108,a0bceb7b-7808-4875-9679-bd41423765be,2020,2020-2021,c163c708-f2a1-4cd0-b63d-381d282ba677,48
27,8832df66-f1b3-4141-8cc6-4eadbf671da3,2020,2020-2021,457144fb-85e3-4870-a85b-77482b14ea82,89
50,7e317b24-2244-4667-9753-2c65a9a2e0c3,2020,2020-2021,cbd1080d-07b8-4b38-8564-18cf1ceabb8f,76
24,ec31e3da-e6f4-4685-87ad-b4d253513450,2020,2020-2021,ca518201-324c-495e-a888-df98f8010da9,30
21,c6765d0d-70d4-4503-b596-5289dfb3e192,2020,2020-2021,9d8a2fae-c341-4295-91f3-0aed42e9fe8b,68
170,4188ab66-9bf1-485d-8573-185dbf5bd741,2020,2020-2021,b6cc36c1-da8f-46b2-851e-8613d518a5fb,10
129,8f013259-e508-40ab-948a-bc47a6b5267f,2020,2020-2021,89a37256-ba5e-4003-bbf0-ecc0bd7c6832,12
34,c8c3b466-3f6a-4b20-8ae6-e2b2bbbe1fe5,2020,2020-2021,b7bbfc4e-a664-4941-b926-f64afbc0488e,98
142,733871bc-906b-4be6-b42f-89e06a2e63d0,2020,2020-2021,1434ebe2-8df9-4b88-b8d8-131772fcbbff,20
33,e5089fbc-f3e5-4c73-8bfb-34076435e79d,2020,2020-2021,c008fb72-75ee-4258-8326-d79df2d43876,50
72,83340a00-5f58-45f5-b8eb-5ed9c83f9d33,2020,2020-2021,19860513-f1eb-4762-b828-748ce6f9ef15,49
14,393c99ec-e7ed-4df8-9efd-2189256d5773,2020,2020-2021,44064a8a-3e2b-4850-a957-ea76536d69cc,47
234,ddc1e3cf-dd77-40a4-96a7-1d79b87caa3e,2020,2020-2021,750ed328-36c5-40f2-ad7c-30e660389948,9
161,b974406d-42e2-4150-85bc-d031067b7b16,2020,2020-2021,a77d6701-77b2-4588-a177-2ca9aa2dea7e,42
12,cbb325a6-02ca-42fc-9202-8b3e58c234b9,2020,2020-2021,a4003a3b-a212-47da-93f1-582303b047f8,22
37,9d8f439e-67f4-482a-bcc7-c36e7e19d422,2020,2020-2021,fca34a85-e987-4d7b-9f6c-5d19a7c79557,22
139,8bcfa7cd-4092-4606-8e7d-1245beb9f5d7,2020,2020-2021,5e5b6b6d-7b3a-429b-aefb-ddc726731a7c,28
124,079459fa-cec8-43dc-ae38-bb1ff4ce2366,2020,2020-2021,31af261f-e062-483b-9b8c-a86b99113926,16
236,30575e3a-fb6d-461e-be02-38512230fbf3,2020,2020-2021,0dfba1c8-f8cf-4b1d-a68d-8947f1f8d3f2,66
132,970730e7-4666-43ab-93db-1acab04ce866,2020,2020-2021,cc28dcb9-0756-4736-8026-dcaff8e749da,52
30,629d7d9d-f101-457c-843c-8cf9a78845eb,2020,2020-2021,92a85414-8741-40ca-bb67-a009931e7a66,91
211,4ac8ff93-0137-4166-890b-b39be81a9700,2020,2020-2021,ed5ad168-db5b-445c-932c-468f7bc4ec92,5
226,226df6cf-bb15-4b63-9042-7ec94c160236,2020,2020-2021,9a6b2e70-939a-4ff4-9dee-5f2530322ecb,74
221,3b90b0aa-2126-4252-86b6-3aa72cbfc113,2020,2020-2021,6382f7d8-6baf-4019-a898-6b1a15a67f04,86
231,9aed2d1c-e922-46b8-ba86-6be0e8ab01ff,2020,2020-2021,3afb4b1f-0201-4568-b1eb-4b7f81a44478,86
198,90d1f19b-4cef-486c-a15a-65e823422493,2020,2020-2021,5344e116-b155-4ba7-8313-e8897dc21df4,61
238,e5be77ea-475c-4c7f-9051-14727e535bcf,2020,2020-2021,99b1a9d2-0890-4f28-a315-6a39c52452c5,53
5,cb4f89b3-b024-4eb2-8453-7c3729a9fb8e,2020,2020-2021,2d7fe852-e565-4e6d-82a4-a9ccfddd3b14,27
94,1b2614e6-5eb1-46c0-902f-b0a4f5042102,2020,2020-2021,31f5209e-1d32-40fc-96bf-882d0addbcf7,94
196,bed08a5b-e74d-404e-aa67-4b7a44c25447,2020,2020-2021,21eac099-d785-41f0-85e0-0a50f116d67c,80
37,8b277a58-19fa-4ed7-ad94-3665c6666939,2020,2020-2021,4203db47-2685-4afd-826c-7ca8f4b1ed5d,48
210,72d76635-198d-48a2-8e24-d3057bb3b518,2020,2020-2021,dc94a6e2-235f-4935-8da8-f9d7dcff309c,34
147,812b5f2b-cd12-460e-b4c3-956a1a628cd3,2020,2020-2021,d9cbed6c-42dd-4459-9c7e-5d63304a11ba,55
106,fd2840f8-aaae-4643-85f5-1b0798960516,2020,2020-2021,f83b1eb2-b3c4-451d-952f-2a7444a1f216,96
79,2ee1cd0e-483e-48ff-9b27-ab26b1e0c5f7,2020,2020-2021,150500f7-90f5-4df9-b5fd-4090f3e53507,82
167,c253a931-5a4a-4a9c-a4e6-3b66aa678606,2020,2020-2021,efb7ca83-62d8-4951-b6fd-3ca7d9aac436,7
228,60f58986-eaa2-4014-96a7-0230f4fedd24,2020,2020-2021,50f44b53-de92-49a4-b688-ac508d8a1abb,26
108,c4f03735-fafb-488c-8531-286bc417e25b,2020,2020-2021,1e633922-a76d-4f77-9f39-d032f85c83ce,55
45,ec1697d5-70c5-4112-bc8b-bf94ccf56ddd,2020,2020-2021,2de0190c-0da1-44ad-86b9-ec16b925707e,95
117,61d56cdc-7ce9-4786-93d1-c132846a81b6,2020,2020-2021,d35ca979-0406-42d8-8c3b-6bdd510bdafe,66
180,5c459ef0-3351-434c-989e-8d22961d875f,2020,2020-2021,74e5417d-a273-4c56-9095-691a1d01c4b9,63
89,dcd28ed7-35af-46d8-ad91-fb191a2c6762,2020,2020-2021,2d250b50-dec2-4775-8df6-d37b59484095,95
85,8577174c-0995-4563-a3e2-f640313c1ae8,2020,2020-2021,45194bd9-ac57-43e0-addd-6572e616a470,88
191,76c12201-b22e-4fb1-bf2d-5bffd3038fd8,2020,2020-2021,e5fddb1e-05dc-4abe-bdaa-0c5f8b785a94,9
181,cbe458a5-5428-4451-9132-eec47ae4d93e,2020,2020-2021,5a40b73d-33fc-4009-b525-f6a0235c7673,66
202,180acd89-b81f-4b1e-9ff4-7c1b5f96b470,2020,2020-2021,754d4dde-20b6-49d3-bf65-ca99e639dc5d,55
150,7ff23e20-5b9a-4ff7-b152-7047f694600a,2020,2020-2021,1cdbe0ea-8c24-47ea-be13-47ad0873b65f,2
32,41265c9a-8ecc-4245-9b23-5dffeece7a9a,2020,2020-2021,ece0b2ee-4a67-470c-a711-af52d721375a,5
164,04cfa286-538e-4b8b-9b69-928422e2c0f9,2020,2020-2021,2d5b84c2-04f0-4ec9-bc65-328c0c5558f2,19
121,dbaa46d8-061a-43bc-88f9-b66a65ec8dff,2020,2020-2021,29c4545f-1cfd-4ee3-b8e2-9b088f6d3537,57
206,dd15d649-a1e9-4e41-a8bc-d1edefb6728d,2020,2020-2021,7e2619e1-444d-467e-959e-2652b14c1cf3,41
59,0ccbf722-95ca-4829-a152-e7980aacf16d,2020,2020-2021,d59fe3b3-c356-4c35-adfe-fd070aab6278,59
7,b8c145aa-599d-4b04-9a9f-1c91cdfb425c,2020,2020-2021,100a6c61-8c8e-47a7-9a36-d3dbff1c7d40,5
145,f08edb2e-3123-4b00-a22d-94cc370613fa,2020,2020-2021,fbc4f579-14be-4de6-8551-7c8e0198d003,33
104,f4d55409-c775-477a-b6c1-beeb82cf2c53,2020,2020-2021,55756ad4-3ef1-4a05-8a88-377296b35985,65
104,7b0822b2-4926-4cd4-bd13-a7fed26795b4,2020,2020-2021,3648754b-f0d8-4adf-a87b-7a7845e8cff1,61
57,16e165c0-b3f0-49cc-b5d7-671565d6f592,2020,2020-2021,771a1f74-13b9-46d2-872c-8b710bbff05e,98
121,0154af7c-4538-4cd3-95c3-72a44b7dc21f,2020,2020-2021,e22c0879-85c9-4f0b-bd46-a618aabaa017,68
36,d4dcdcff-ccd5-494e-b34e-b5f3047f6386,2020,2020-2021,9fcd500b-86a6-4964-8fdf-a07791caec49,41
217,1e1b44d7-a45f-4870-a12d-571f7ebb504b,2020,2020-2021,f9006926-9cd4-4152-825c-b3b76864e7e6,40
193,e1061951-972e-40ba-bed6-256a137ddc78,2020,2020-2021,2ea70d3a-c741-405e-8ff3-b2e97c39a9e9,43
249,1f510583-44f6-487d-ac64-2a3e5e3a33b6,2020,2020-2021,d5ad6e1f-778f-42ad-a0fa-de4352f9173a,9
111,0d174954-7bcc-451a-82ee-2ecbb64e9d61,2020,2020-2021,360c70b4-cc08-4985-ad18-9cc5440eb50c,79
175,3c1d54f1-f2e1-41a3-bbca-8a694d79bacd,2020,2020-2021,276935ab-e235-4a62-b26c-f4dc866a6c31,61
125,715bbf17-5688-4652-bf17-9f03fe6440de,2020,2020-2021,8b69b177-0fe8-4800-80bf-9772f08171ed,35
81,05646c68-6428-4f57-a098-1cda37f872ab,2020,2020-2021,63379686-66fd-4e01-b764-05e746466ddd,33
145,9887ac64-1671-44a6-9f1a-c035410134ff,2020,2020-2021,37ebabee-e521-4f87-b6c2-7dac599b605c,30
161,f88df312-cfaf-4988-8f8b-b1937193b571,2020,2020-2021,e6efa115-3cd5-4753-aa33-8d02c8c54ece,14
6,d293448b-aa81-49d4-9e86-265e73339af1,2020,2020-2021,af2d3bf7-de58-43b4-9e91-074eb6bd8876,44
89,4f4fc046-907c-4486-9524-f847e318059b,2020,2020-2021,f9f476cb-b9bb-432d-840e-9595603ee15d,34
180,a33e420a-3398-4665-ad30-b74c00ba7ab8,2020,2020-2021,064816a2-d14b-459a-8375-099b19268d0e,48
24,184c428b-6aa9-40df-b952-b4e5b0c0fe25,2020,2020-2021,7e087860-d308-4be0-bfa5-90b36c9aad4d,36
246,59677724-ce99-4ddf-946b-add3fb23d389,2020,2020-2021,ac1f2f36-7755-40d8-95d8-31aab2b480f2,72
70,6886d5fe-dac8-45f5-8cf7-05a3843dab95,2020,2020-2021,f365e25e-c142-441d-bced-bbcd85b72ea2,92
119,ad96f4b9-b9c0-449d-bb07-773634c88c54,2020,2020-2021,95a90c0f-071c-4bf5-825d-ef46c21c5a8e,71
89,316f5af0-ab55-40ae-b02d-2bbb982210c9,2020,2020-2021,4e0e78a6-ebda-4dfa-aeb5-d63682bd6b50,58
237,f4850080-7efe-48bb-b332-7ddd1e211fa5,2020,2020-2021,54dc7907-8a06-4065-98d2-0e425d5eaf7d,51
courseGroupId,lastUpdated
138,2020
175,2020
124,2020
95,2020
203,2020
168,2020
46,2020
16,2020
134,2020
127,2020
151,2020
223,2020
233,2020
118,2020
84,2020
3,2020
238,2020
72,2020
103,2020
233,2020
182,2020
198,2020
161,2020
169,2020
101,2020
37,2020
144,2020
89,2020
22,2020
160,2020
62,2020
43,2020
39,2020
113,2020
101,2020
181,2020
145,2020
118,2020
206,2020
235,2020
186,2020
101,2020
225,2020
117,2020
135,2020
145,2020
159,2020
38,2020
144,2020
164,2020
57,2020
212,2020
103,2020
42,2020
164,2020
230,2020
103,2020
205,2020
100,2020
19,2020
230,2020
61,2020
213,2020
99,2020
150,2020
232,2020
212,2020
137,2020
109,2020
57,2020
102,2020
216,2020
152,2020
76,2020
68,2020
151,2020
34,2020
200,2020
218,2020
47,2020
246,2020
64,2020
204,2020
168,2020
110,2020
8,2020
59,2020
221,2020
131,2020
15,2020
123,2020
79,2020
15,2020
22,2020
210,2020
31,2020
97,2020
19,2020
232,2020
66,2020
26,2020
107,2020
220,2020
143,2020
192,2020
225,2020
96,2020
49,2020
182,2020
213,2020
240,2020
130,2020
49,2020
26,2020
56,2020
96,2020
17,2020
150,2020
85,2020
71,2020
184,2020
188,2020
214,2020
225,2020
155,2020
186,2020
121,2020
10,2020
175,2020
171,2020
75,2020
244,2020
47,2020
61,2020
157,2020
220,2020
71,2020
54,2020
87,2020
115,2020
123,2020
28,2020
62,2020
232,2020
205,2020
88,2020
102,2020
237,2020
18,2020
26,2020
218,2020
69,2020
199,2020
60,2020
94,2020
44,2020
30,2020
128,2020
184,2020
60,2020
196,2020
109,2020
1,2020
216,2020
43,2020
119,2020
232,2020
221,2020
35,2020
113,2020
25,2020
4,2020
19,2020
71,2020
49,2020
243,2020
186,2020
17,2020
239,2020
76,2020
243,2020
173,2020
67,2020
107,2020
191,2020
16,2020
222,2020
61,2020
226,2020
84,2020
71,2020
43,2020
39,2020
243,2020
147,2020
41,2020
142,2020
227,2020
103,2020
241,2020
31,2020
30,2020
215,2020
58,2020
4,2020
81,2020
120,2020
139,2020
162,2020
21,2020
146,2020
74,2020
72,2020
207,2020
191,2020
151,2020
133,2020
204,2020
161,2020
49,2020
30,2020
143,2020
247,2020
92,2020
246,2020
102,2020
38,2020
19,2020
171,2020
26,2020
46,2020
228,2020
42,2020
125,2020
150,2020
112,2020
247,2020
152,2020
42,2020
3,2020
203,2020
200,2020
7,2020
23,2020
64,2020
146,2020
26,2020
17,2020
84,2020
96,2020
institution_id,name
66,ed54694f-e97c-4ed5-9629-f7d5b7e25d52
127,8fb98d7c-cb60-4763-8a6c-3a2abc9bd651
79,7e28ff06-afd6-42ee-8825-5ddda61eea2b
92,01e69726-ae42-4976-b132-1971ace6cd8f
186,cc3f74a6-ac33-48ff-b0da-a5c9d04523aa
57,aa06594f-f6f9-42eb-9aad-7821683a3093
48,0777591d-2363-432a-b31b-74c7ab2c1f96
221,973a67e7-db1c-4125-aa42-7508c7a099e0
56,782bd5c8-898c-4b22-8e7e-34a612b5ba0b
157,e468d3d0-1f3a-48ed-9b82-91ec8b6aeb93
120,05713f3a-062f-464d-a504-48196eb73617
119,8348db78-f545-412d-8ff3-797027a3d926
209,e8e84846-4ce0-4215-a285-8300773e2475
56,2efb5bb2-4f4d-4401-a462-814b18781abe
168,e0e3cd2a-ce76-48b1-ae1e-87ad777471c6
210,1ecd34fc-5bd6-4fdd-938d-c0a795fd46ac
82,43d8ee10-550a-40bf-9734-3a159643d08b
119,091e6db6-e19e-4373-b350-2b8b0bf609db
39,ccb2b4db-cbc4-4798-a17c-546d42b8d131
42,280a0bd9-c545-40ab-ad65-4d291ff03f95
106,0b6466da-5040-4014-a1aa-c2b82b2ab338
170,f8aac0b0-e580-4f31-9323-85850f9f8c84
179,454b3d73-8ce2-44d3-b06f-6dd4e616c168
1,f8f3f93a-f79f-4cdd-8d88-1ff646a60d67
47,478046db-ffed-488d-8c20-082dedcbccb3
245,5e1521cf-c47e-4ee8-9c86-9b98b4a02dd5
48,5f81cdef-16f2-4592-937a-da5f1146c1a7
83,ef478c37-9784-4743-b94c-d7cc06afba99
83,cda88144-25ee-4108-ae59-7f7dacb1a153
84,a1516107-6dbe-4fc7-a753-eccac09c2cb3
129,4d69d20f-6b68-4939-993a-bd46a51d1fa8
18,d987fb9d-f21a-4579-84fe-6a15f7fad1ff
56,eaec397b-526a-4fde-9d1d-419cfb486d44
61,33c079ab-168c-4074-8fec-7250f2ef273b
150,1b49e365-1328-43be-a5bf-d8f7e51399fb
53,cfdc2d51-b857-4a02-8639-aa4fa76191a3
238,69b75178-a9d0-43f7-aab4-2418936a52f5
77,7e39912c-c207-40fd-a19b-e890f799e906
140,ffbebb1e-f5c6-4cf3-88a4-323cc3f0b1ae
64,e2132fad-bcfb-474a-942d-3321a201498a
225,39ee473a-f059-4371-8ea3-bf48bba4e104
35,12f28d0a-f76a-488e-b9c1-fe01bf2df2f3
51,2499e6df-b8b2-41f1-b303-e614fb2a419a
53,eaf1db88-dc8d-4249-b9eb-9aa8348b383d
146,b738f392-5b0d-4f08-b2bc-4a56bfbf8943
68,e17bf055-efae-4b4c-8e95-7576f4030f25
68,21498ce0-8ffd-4227-83b3-6266217e40ba
20,10eaefee-9f6b-4b35-8032-b2f7bea14f8c
13,e66c7f90-b075-4306-8309-1946f9f411e2
233,e3f80dac-3d45-44c7-a78b-008f09648678
68,c6017433-eb0f-4f1c-8b3c-370efd55b419
80,56a31e3f-592b-4c55-90e5-ed42b227d5ae
58,2ac54aa6-b3be-443c-8e2d-d25a405ed147
236,f69977fd-4e1f-4864-9996-93ba38c49b31
146,4e22f2a4-eb5c-4b4c-9639-b015b716d1d1
207,d407f515-a6bd-498f-b6f0-e22b85f4c239
0,fac6c0f9-a112-4d3c-b1de-1c923d326957
200,b196cb1c-1608-477a-a831-63fdc13d3b1c
187,8f906acd-01e5-40be-8362-2f00a17f12ea
137,5fe5dbcd-9db8-4810-b294-97e3ce3ac095
173,f5b76546-3360-46ef-a488-f5e54165e75a
228,186f3aef-4295-4291-927c-f1ae757482cf
72,2bcbc5c1-4bde-4fb5-aeb6-d913bac9c28f
223,4c8427d1-c3da-4a99-b7f2-bfe4ffc2fc36
0,ff426374-276b-4aae-befc-54b5a78edd5c
170,0227c424-9e78-46f4-a0f8-3e6dd1102af9
33,28ad142b-5b0f-42cb-a6ac-b5d502393633
58,390fc93e-bdb2-412d-9b38-054639fcc384
164,32cbcb88-0ae6-4888-b6c0-fb12d6dd48fd
208,0a0fc8de-bffb-4e25-bfb3-901ed063f630
120,9e26a40f-4b43-4237-9472-9569ea3168c0
155,92d66ed1-e1f4-4394-8f5b-f752f4241cca
147,f7613119-17d3-44b6-bdc2-6cecdd339d0c
97,0f047da8-5a7a-41ed-b629-c4bd00765a86
111,8ee578ab-96b7-4a02-be42-470744949bec
125,2e2ce5dd-cc68-4946-9a21-028d8a4590f1
237,b9ceab42-b65a-4cef-8e0d-b0d699e71b4d
110,61ef6896-92cc-49fc-8a28-e0e82d70b638
29,6a8d001b-75de-498c-85fc-593ba159b4f2
120,0600d422-0299-4146-82fa-9b2868e8fbf1
218,01d03ce1-00f8-4680-aa94-c4c7df87b184
2,6be32708-8204-4372-b657-1dc87d2eb0a8
6,194357e5-f901-4216-8a5b-8e3e8c9ab6f3
181,5f8e3ca7-9797-4736-b5c4-090d57aa7ac7
75,e33e6d8a-e1c8-41fe-8509-8d02fb9ce15f
64,81bb25ae-f2b8-4d11-b1e0-74548859105d
132,1a3455f2-0ee1-4d9a-a563-60a614403ead
136,10d67bdc-6daf-4b4d-800e-fa69ea92ea2d
193,a28058b5-1d42-49a1-921e-69ec37b35ceb
237,d151d8e4-5e4e-452e-bfa5-367f6f05cbb2
62,53e424db-3777-49ac-bda3-d3f13ddfc5b0
103,57aeb29f-65f6-4d61-b1ae-57a5b6fa67a0
78,36e1b349-c5d9-436d-9c1d-81c9a20a539d
45,cef771c4-84cd-47fa-89bc-1db06327f6a2
230,005031c4-e014-492c-9005-82ce1ff52028
112,d7072626-e483-4ca8-a143-357f5f0a1f95
33,460ddfd3-d2b6-4f1b-a73f-150c2ca42980
99,1a395c7d-d3df-4ebc-9c24-29c78403df66
64,e558cf72-a1fc-49eb-97b0-becfcbe8d54b
23,595432e0-a5df-4abe-ab68-967bf6ea7d90
250,28935e64-aa71-4ce9-87e3-3a25e51efc94
55,19513e38-4927-4a92-b5cb-17f233f74e05
205,37fde866-fab3-44fd-9ec8-669fa4bb6fb4
239,fce18425-7b54-4c1e-b1bd-360629c617fb
202,c914f719-996b-4bfc-acb7-7045f621b4d9
196,eeb89572-b476-4f6b-b304-f2f5e4c215ae
58,4aa2c498-32dd-4b95-8886-4706a51b591f
24,2519dfe3-32a9-44cf-86f0-4245becc8bfc
38,62d0a683-65ef-4863-9727-e9ea0f6eb7e2
141,14b2f142-c9c6-4a6e-96e7-05ae031ae348
189,bbfaa3dc-5719-4953-aaba-23f2ada581d3
220,a186751a-01e6-403e-ba68-f4c46e7f2673
227,386179a9-c5e7-45b3-a36b-f359d4b5232f
233,a55e7738-87d0-48e3-bf33-a5173da0a056
4,e2f79fef-5210-44e0-9881-f90cf5372187
201,3eff0ac7-8d92-4e2d-b6a6-fe110f0f52fb
3,015675e0-b74b-4385-9241-04c099e0253d
154,0acb98e3-9c85-48f1-9f00-494d172c962b
21,9563d893-138d-49ab-8c73-86aab8664364
248,ce8581d5-1e3b-4759-891b-ed47c468ae32
118,ff5e15bf-30a2-4602-b0d7-372fc74dc4ce
21,a9209d9b-6a16-4dcd-992b-aeeff96de355
92,1a3de0ea-e699-4bca-9bc4-6e43cd062985
13,62cddd43-9623-4d42-a9f8-448f014883e0
57,237382cb-c7d9-41b9-9717-081a67ec970c
206,6902013b-88d7-4f22-bf27-284c8ce6b31b
227,ad1f333e-88f8-4e0e-9ac4-1039245fc2c8
165,37eae756-b250-451c-bc1d-0e8210abd796
5,e438a818-fca6-4bd2-8de9-34046483e314
46,942e019a-28c0-4bcf-86dd-1fd4dd38f137
55,c8536c7f-114a-43e7-9876-b995eabb83c6
28,d517e8d7-e6e8-4b0d-9d64-36e88a81097f
13,27783ccc-5d66-4a34-8614-10329f79401b
220,2869feb9-f8b2-4d6e-8a6a-e98c0bb36fc6
32,cb5cddb6-4c1b-45d6-a232-731b065b2713
30,ed92539b-6905-4caf-875c-0d0b7a9a6d76
95,90bce3f2-ff24-484f-ab11-beeb5f1146be
100,a463e3f9-d8b9-4006-9489-66edc745a22c
125,87106cd1-90e9-4d37-bf45-9d8a3c997989
109,a3c0d876-2411-454a-b6d7-1ea3538b138c
178,65cb4baf-7fb8-4c3f-8780-b06c4b21e42e
121,e041d146-d65c-42b4-95c5-af8748643463
11,e1be84c3-6f97-474e-a430-6d503f40dafe
115,4768ec77-5e52-4a1f-a16e-6be44473fa53
24,28010506-774e-4e11-9052-40d3ea78c6c6
70,28cd5e7c-4d80-41d6-9e27-7ac3561976e1
182,859dd8cf-84a3-4144-9592-5c72becd35f2
86,b345f812-4060-459d-a7ff-f199fbedd2da
30,361934f1-8dd9-461f-8cc4-efc60221e25a
220,a1fc87a1-b8af-49b9-b12f-62274ade1a80
92,89c61de4-f64e-48ba-9f64-7e40eeed249e
50,7bea9f83-f518-439c-a28a-a456276ee457
208,4345a9d5-d97d-4421-9a43-689ba352de83
55,815e5e57-fe0e-49d9-a529-6a7d6864ab48
238,fd3bd5f7-5503-4cbe-9230-f82199a9446a
61,83da9919-3902-4cb4-972e-14373c007cb0
61,6c13d7ee-6dcf-4599-aa46-e4c780cfd33e
23,75dabb7d-efd0-4cd9-8179-692ba5138592
54,27417117-d40a-44b8-acef-7f39f16048b2
9,cfcac25e-508f-41c5-b8a3-7ba291e8f86e
219,1ecc8ee0-893b-45cc-b243-90da704c2b0c
173,7d624e5b-5931-47ad-a5de-4931c903061b
37,51ee2a6e-b44a-4720-99a9-935d0b68dc56
90,dd38e96f-3e7b-43f0-83d5-256549ba5011
62,9eb0d490-3432-4582-ac2d-b3dd209e6590
51,b1cc506f-4a59-4bab-bcf5-b8d2183be926
32,0b9bc697-a891-4bf1-9f24-e783eab2e512
61,0f44b107-2510-4513-b17f-eea79218d498
168,b5d40194-039f-4a09-8afc-20987d4db677
218,1e9342a8-78d3-4acf-87a4-00480f8e8c6e
75,e52ecb4c-2fe9-4da4-8582-218723c0b574
94,15d17fd9-8603-4690-b850-78a7cf40d9d2
86,4c3f4b3e-9b5c-4758-a141-ac176d71262a
234,9a5efd8b-9328-4384-88fc-290755f6d0e9
34,26323b9d-221b-4455-9064-d39f8df8dd7e
79,4bf8f2c2-9dee-491d-89a5-58f9e6f96a60
225,3a8bae14-ab5e-4902-9a23-8440aa359f97
43,c1206737-8ead-47a9-8f48-b7db5e8e55d8
137,670e8186-9dac-485f-af12-ffca5266b182
79,7adc48ac-bb18-4ebf-bfbc-5da85b3c243b
48,133b07d6-c9d1-44c4-b91a-c484709fe6f9
92,dbb23684-8346-48c2-98bc-88ac0b6f6bbc
222,edda69ce-b36c-4d48-8a5e-a5c13f549813
29,9d4627ce-53b1-445d-bafd-99deefbfe769
68,9dfd76e4-ac1a-469d-9dfd-aea31260bf42
199,f1b8c75e-5e3a-471f-b9a0-faabf3da7ba8
76,aeff6683-f138-4e15-b97f-f2ee4ca31c88
40,45dd492d-9816-494e-9bd7-4360d5844e7e
165,91f91c08-5a62-47bb-a743-b5fabcd8e1ef
84,63af38b5-b94e-4bc5-91dc-3fe365d6dad5
122,ebb87989-eee0-4685-9b29-583bcfb55d09
126,2b63bddc-157e-460f-a811-94aca513417b
128,b8634d76-d477-4e1d-ab0d-3139b69a8aad
195,662d157c-c492-4ec6-aadd-7192c4b8af34
77,a1639e59-2724-40fe-af60-9af0dfb5e596
175,458dd5d9-f988-40be-b18c-9a812440e054
133,869f1061-8ceb-431d-a8dc-7b8123291e5c
78,b1317c8a-43b6-447c-9e95-acdfa73d3cf9
116,198eedcb-a5b8-4107-9601-69abdf074045
156,e71853f3-f45c-440d-8ace-46e8e4790702
65,e1533f77-28c9-4b04-a39e-cc604a56956b
119,6a71bcad-4609-400d-9e90-9b8442a369d7
101,98ec583a-de66-4af2-826d-26beb126cbca
218,bb6f9123-5802-44ad-8cdd-1d266cbeafd4
169,cde8d92b-d8e1-4da7-b89d-bc530220d257
127,4b3cc018-d6d6-4549-ad5c-3ad4e8b6395a
31,b451a5d6-9d3c-4788-945b-006d91f27ab1
116,3a24cded-3e2d-4a9a-add3-40d660f264ac
9,7a43a615-13cd-46b1-891d-0eaa13325f7a
238,3ac9a6c7-0fba-4a24-b66a-e2f24450152a
14,57fc2108-23f4-4aa2-9996-f545b058766f
46,84d71aff-aa28-4e4e-b786-4d18966e8bc5
138,e273cfe1-a6fb-4245-8496-8e763756ca04
238,0fd89910-5c55-4135-bc54-de3baf6b85c4
47,e2cabc5a-ec34-4e15-8f2b-5854d5da4f76
26,8ccadce8-c791-4cbe-9edf-74828b01cbd4
26,65aebd05-50db-4b7a-bf38-5131ac8466b0
35,38948918-4015-4aab-bd53-f4ba5e6d2308
183,2a2b4435-1fb0-4c81-871d-2861e124baea
115,9d78e32a-38ec-4c23-9fcb-993233a2490f
159,a07e3ebe-fa55-4f95-b44a-01e3bb449f3c
93,4436bdb2-b54b-4375-b764-7aee5a0c775f
177,2367204d-5eb2-4c64-bd21-6f6352eab9e9
215,98808652-ffb8-4e88-9b22-35a7c546929b
171,2dc1437a-c615-4b5c-8f6e-25ce065a7cab
161,a9ec983f-5518-4ec2-b99d-f700b8f36940
97,7815eeef-82c8-4717-9369-b77c17203250
77,3dbd5769-26da-411a-9b18-07838a06ef4e
158,f38f077b-a903-4a77-9326-a9f7d67fdccb
53,d6c605f9-be39-4766-8f2e-697875cd11cc
203,3ac84d76-a48e-48c9-a57c-00c3a9d584e7
20,caac7923-c50f-486d-8ea5-9f2d3103e053
136,974b5543-3bc2-46c4-83ea-d0e4695542bc
107,8f751362-07cb-4c2f-afce-3a15f5993beb
223,e7833f80-01e0-4fc3-9fbe-4dee995cf91b
128,c4b4c013-b589-42ba-8fa1-e106b2d9912a
82,c9b23252-05a0-4854-ab89-6ee4a94e3eb6
98,4f70e5ed-d923-460c-9a29-dff6d5eaeccd
179,b6f10099-7722-46fb-b33d-bd18ebd39ade
143,b732abeb-4fe1-4bff-ad23-ac40aadb02a3
10,da3ad2a0-a9d4-4b8d-b81b-0fe8854d5237
13,73f71cdb-c292-4cc8-a37b-18976e2996f2
202,bc49c94d-5042-43a2-b98a-a14c6a006eda
200,ff237451-eeae-4af9-92ff-6b437b82c03a
97,96041e45-5a90-408f-8822-c51d8d3ce674
105,f2db5ee1-76ad-41a3-95d3-fc11af246ed6
81,5ffec78b-263b-4326-a74a-7bed29e20c40
137,ecb34269-36bb-42bc-948a-facb22b03efb
22,4b52075e-b435-4059-887a-1bf11dfc834f
104,0ff3f753-7850-4057-a65e-a699cfcb86c9
lecturerId,lecturerName
3,1fb767fa-a8b6-4a88-8032-3adf3e1f477b
162,cf0da315-2372-40a5-9997-ed94f7968f12
102,2036f660-8636-484a-a4a1-349dda404b7c
14,ce23153c-7a96-47ba-99b1-77a7a6e08bc3
244,aaaec09c-1a54-48aa-814c-1a0a3450cdba
240,eb83dd71-29f0-4528-8186-fe0d3804fd5c
53,742348d7-37c9-4216-8eb7-bc7357410d31
194,4d01d595-cee6-4ea7-8b2f-2fd074b6ecc8
136,b397ddf6-a03e-4ec1-a834-c34c0362d173
75,616fd079-85bc-4870-b7a1-35e61566a9fe
22,7801f8ae-04d6-4a81-aeb1-c03a3fcac9f4
40,81ecbdd3-1609-49b4-97bc-fc753d68bbe8
193,b91e89d2-a575-4d0b-ba7e-3c0195590954
113,7da4edda-a93c-4e73-9333-24cba32038d7
188,a45e9a2d-c50e-4fa5-97f7-ec80664eec80
166,b3ef13b9-7ca2-442a-8c03-404466b9c083
94,4daef455-13d8-4815-9294-acc3f3dfc4fc
165,e249f47b-efbe-40b5-af2a-dccfff539bbe
134,76b01535-12f0-4244-a22f-f67dbc20b183
239,05ac77d4-0552-450a-8837-fba409500bfc
126,469a915a-9581-45ae-be93-63789be04598
243,d59af932-3420-472e-8725-66dffa692462
13,79769ea0-16e3-44d9-a468-dbdcf24be23d
109,f8e84dac-7ec3-4470-a7ee-27dbdb4bada2
88,a9c7d60d-c9f8-40eb-b617-c95821aa0a17
240,ebb5891a-9cb9-42f2-a232-71a3b9777d1f
153,f902cb0d-507f-4b51-85ce-69596b1790a8
58,5527ee09-f39d-4643-927c-351b7cb400a5
202,d9ba90c9-9eca-447e-8f3a-3140500c7cfd
92,de359cf6-ce74-4b0c-962f-4b63addc11b6
29,2c430805-4216-49ca-b00d-e869d9bfc75b
115,b5e8f0ae-5711-4a06-b4c5-37b22a7e3969
179,bdbcbe33-5ae1-4d66-9402-25865c5839d2
240,47f51c7d-124b-4373-b700-41de842f7e28
108,883682ba-3bdf-4d7f-a85b-d977aeccf31f
208,cf828053-498b-4a8e-9e53-da63e2ad00e7
8,7c97bcec-ece8-4d14-b832-db84f5f35140
130,729ca241-24c5-4425-8b07-e41d415a98d8
36,fdf5c4e9-f089-4672-a39b-43914d0fb483
221,c39c0ffe-6e07-42ac-a83d-d506963646c3
238,0350173c-13c4-4137-835b-90b3a385b31d
209,d52a465d-f6a6-4908-8f4d-94154189f847
32,130f5833-d592-4d3f-8517-eae21424a25d
127,d2b67b68-934e-4b35-a9bb-9e3f35e863d2
107,45c5c71f-3e99-41e0-b2c2-756a581e9c47
127,07875e82-7376-4afc-a034-9fe575ff5548
185,f55d9091-b4a3-467e-add6-2e83364902dc
187,0649fb2f-64e8-439d-94b4-2181befd6a9d
67,42a5ea1f-b99b-403b-8ceb-0252630e23ef
182,98e97baa-3a33-4111-b17c-42c6af84a843
234,56dba6d9-a508-4fe7-a47f-c435ec397f18
164,76fea7b8-4ce8-41ce-bf45-774ffc69695e
101,46e06546-3c2c-4ce1-97e3-eaa251e8b1e2
243,408d628c-5bba-4c25-8cbe-c6c76ac38704
157,1e9294c0-34d5-4c31-866c-3a03d8322d5d
107,89cac044-f62a-48f0-a0ef-fe4ba0283d7f
150,0aba8709-e85f-4de5-824d-3be2873ce447
15,c7ff1229-2df3-4145-8b0b-9687b6c41286
115,d7022cc9-c428-4886-9c09-ab43d7110538
13,6eb9d0e0-b93b-4039-ad4f-ad5d6b89c44a
99,8d1166e9-f425-44b4-8cf6-c2e6c3ee7de2
193,cb92e9ec-7cd3-4072-afad-e0fd6c4f82bd
120,e419efe6-7c4f-4a34-8219-8ae03359a9bb
87,617d9734-b075-46ec-813b-6da81af8a5e4
43,4eb16819-d4a5-45ea-85d2-afed5972c924
55,b4e4bacb-84bc-4199-a74e-fd09eea68db4
233,9f5ba5da-b0d0-4b16-a633-82d53071fd5d
133,4c7c9593-1c45-4765-89cf-45aa019e6d09
140,872e3151-1292-4d33-a175-664d73604a2a
196,e7c8ead7-ca15-4465-ad44-d1f475a1c3fc
23,e485925c-1d39-49ba-8783-971147a41c01
41,52bdea54-60b3-4ff0-bab6-1b5384ee390d
146,6b286039-9216-4c9a-8c83-52edaf9ce10c
161,45e6bb2e-63a7-48e0-a4c6-2e83c9713066
92,053574c5-236a-4d0d-bef6-d428e0582dfa
62,0ab570ed-dcf4-4afe-a9ab-616e2439b9e1
13,cf1a24f6-2501-46a7-948f-b943349f73b9
90,507480f6-892e-4a94-9c9e-ca2751b81224
246,3ec94872-a238-433c-b711-2f2d7e4f71f1
51,14f5a12a-9d31-4589-ba6b-dfb59a8f759b
21,f6d90380-83cd-4148-9af8-5c898fee41aa
119,89780383-802e-48a9-bf6a-6e3ede219f4f
80,a1648a38-5732-4700-a72b-3de5971ced2f
34,6a7c5fe3-4aed-46a6-83e2-76d9e710fac6
126,ef997dd7-a6b5-4f3b-9029-413e9ad3523f
107,2e2c884c-3d57-4020-93ac-9e4009ba141f
17,f8181d54-180a-4a61-91fa-4995ade0cebd
185,ea589b3d-36bd-4e0e-a0b0-9cebfa140fe1
118,be455641-a417-4245-b230-1d523c5f6da9
148,e280f503-5432-4179-b7ed-9f8ae4117a8c
74,5f5c38b8-e4f2-4ea6-8e29-d328b10838d2
11,b5a135b3-54a5-43d4-aca6-805a014ccf86
105,74aaaa9d-9d3b-4f8c-bbb4-bc8c5dbfe0b6
16,db74f126-87ed-4393-906b-04b15fccbccb
153,02511b84-47cd-44d6-b319-5de7c5c32c97
244,2556bf31-597e-4bd8-8052-90da00c9699d
97,2a443e07-97ec-4f8d-9f81-629aef9ab849
177,13454282-fda9-4941-ad93-26ea79bf3387
208,14d14078-c43a-4d10-b2c4-2b3333e1876e
80,e4e74bc4-2d1f-413d-b4a9-cca13d037f78
103,75456365-206b-4349-bfa0-f11983f110ad
182,18bccec2-b444-401a-b537-23cd5466bc23
62,99d42d60-d27a-4725-9281-96b2b7968df7
3,2bf7f58d-3274-4337-a9ea-3369d2475551
217,55b2d59a-5a10-4ab1-bd2e-67b7ea17101d
98,c9b384b5-faef-441c-8550-3058f8821f55
11,af058d5e-9aff-44c8-a9de-528ab233554a
93,2e075ec5-cc4a-4727-b556-c75a62050df1
48,8936f1d3-3f42-49d9-acd8-8108db46314a
145,163a2981-8b15-4cde-a063-94de9d662ba8
50,a775d382-8687-4953-a3e2-0bcf59296a59
45,5cb2aab9-516b-455e-9987-c215d91084a5
208,5a183b1b-9ce8-4172-af8e-476d2de62ae4
82,718826c2-5798-4c94-a006-01fe1f191b46
1,fa8eecea-0cd7-4995-9185-0e98b1625a74
238,5bcf1bda-609b-420a-89a3-92af00a6d91a
143,d591f4c1-717b-4595-b771-67f8e8bb9bc5
12,59442bdd-6155-4fa8-aff8-99106f849cad
134,2ad155e1-51b7-405d-80e2-e8c07138e3ff
194,7df746e6-290d-4c0c-ab76-ec45c69c0a8a
123,717afcf5-fe66-4af7-a9f8-f7e32cd9a2bb
245,291186b7-03a3-4a78-81bd-79496425946a
5,3cfb4919-53d6-431c-bf9d-13248eb12ca0
173,9053cf97-cf37-4d51-9b7c-a41811c3522a
84,1d8f33bf-3b7a-4ca3-b32b-d0e137449da0
22,fa695cf3-186a-4ddd-afb3-0a73d8af9ae7
13,2bbd4c9c-9266-49b6-ab24-f78049538a21
214,daa48f19-3438-42c8-a10c-9851c7198ee0
178,296d4e76-a3ca-4bdc-94b6-146046905f2d
212,3419f359-48b1-4603-9079-9f3fcd538cf7
241,c95ee95e-62c5-4946-98a6-46c9797ba2ac
145,ee938723-01ec-4ff6-af7d-04b074b3a9f6
205,df1ed366-6bbc-46f6-8258-c4ed6de209b1
247,cad5cd00-9b34-4a6d-bb3c-1d655e207af8
215,bf3a6d05-fd43-4484-af77-abd91fcee64e
5,b6008bcd-3bd5-48a3-84a9-7d9aef6030ce
153,e3756575-5f90-48de-985e-d53a21c4bebf
53,1d4e6277-0292-48b2-81e0-6af9ef2124af
146,4d718f15-0fdf-46cb-9378-2e74bf5bd7e4
180,d399dc94-592e-47c8-a302-3b1a4d3564a3
236,eaa7dd8d-d193-405a-9347-de66d1a10b0e
146,b8e433c9-1727-4f2b-98a8-34bfa205f231
208,b58c40e4-acba-4b53-9272-b382292b8196
138,8b35161f-e8cc-4354-932e-e9a79b368a45
226,7391a28f-9d9f-469d-a09b-2d4ca4d63739
200,2e50be84-78ae-498a-8c59-a620b53933d4
4,a830df09-ce85-40eb-a7e9-e10cc08f2efc
46,343dec6e-50d6-4fcd-a74b-6a8ec4c94de4
205,b501d4d8-f5b7-41d7-892d-90e34b2a6e15
34,3f4d1da1-6b6f-4a02-9bdb-11cecdf579a6
245,dc930e09-89b6-4724-91e7-ffce88c2717e
95,7c28c6df-5b93-47ee-b55f-289c569cc1c0
44,2fef977c-7c0c-49aa-8554-0b1c01042d3e
187,4294396d-6da8-40a7-9f00-19b2ffc4b50c
216,b056e7a5-77dd-4f95-927c-cb978dcfb703
108,f3c69620-741c-45f4-9c8b-931c0bbd2689
81,ecc4c5cf-7ba1-496d-943b-15a4d6858f67
249,e4b36e88-f7bf-44bb-8351-e8f830b6b053
223,af4df557-573e-418e-b573-29761c8a668a
128,d4a7b8d6-b247-4df6-92b1-43826bb65dcb
136,ae732dcf-c1ee-414b-8a15-c99dcc8c4772
242,c0edd0a7-fb70-4d2b-b94e-cb1c0cf888eb
1,3f573d62-2b62-4d00-965d-422af34a8029
37,bb560657-a669-47d8-8810-887b4e382cce
182,e1fafacd-a29b-4d45-ad03-ead301980265
127,d4a1f506-1ece-44b9-803a-50e6328d5a00
240,690bc934-6102-4708-8b46-2af19d8d982e
197,bca005c7-4927-49d9-a4c0-e57aa721315c
99,ee515653-50d4-4604-98f1-8c49c38baf2a
152,5a43c82d-c77d-49b7-976f-52a78c890a0e
93,870861d1-3e3e-4864-84cc-bb620d5448f2
127,e6ace5f2-4490-4eaf-8bca-1770345db9b7
53,45992a31-584e-44e7-b3c7-5589aaf39f2f
64,500e15ba-7971-45de-a4c3-05fed94d607e
234,e54afc3c-0638-4a3f-ac3a-cda0557d8111
200,3441ed76-1d4f-4f7d-a64b-21612ed65350
92,8f244ec9-4561-4e37-96b8-1cb9d7b21788
168,98dee728-7ced-411c-8b71-dad39d3893b2
223,06f7552c-9ee7-4444-841e-cdad992b3f2c
165,53ff1912-5b51-4549-949f-eca9ca4aad32
140,f3e52d2d-7520-4d4e-9e06-ce529f358ad4
151,7a06beb3-241e-49d9-bb1c-b5d987f4d85f
57,ccaa21ca-f829-4400-b4c9-07ee1deb235e
203,153e7cbe-968f-4e86-88f8-75740fdbf10b
37,897f01c1-6586-4c10-9259-431d6fadb943
88,a092cf1c-aee8-4f10-a56e-4bd8f70b04da
238,eee68174-be42-4175-a794-c329b2371ba1
241,c648be95-fd48-4cbf-b44e-118872ed4b11
78,9fe048e2-29a1-4205-8b8a-11b0917db764
154,ec793427-9fbc-43e6-ad01-57f0ede12c77
107,08d7be1a-2920-45a1-8450-78475ed48224
111,58218364-1e7c-4b95-a03c-adcd95a8fcbe
15,3c1d4f27-9940-4969-b949-2fef42111bdf
127,ff0c6abd-4234-4e92-a464-d24abffbea27
14,2d23fefd-16b6-4928-88e8-948f55ef7a1d
4,5cf8527b-e7f9-4bc0-99b6-b2fefd5fe8c8
243,bb0a524e-96f5-4ce6-beb9-907e6f95eedd
161,f4819e64-7d01-44e2-aec3-ba36b8411381
139,ad46bfa5-4063-41ab-9cf9-57e5d58ec22d
98,bbe35c76-4d12-4ddc-a614-e7ef22e71748
64,22b98ee8-468c-4ccf-a09d-143d23dec1db
42,2b373c0a-82aa-4bbb-b592-e86665dd8442
124,5038180a-c0a3-4222-9a39-89cd823cb91f
225,7e8c5ed5-552b-48ea-8034-90c61b4d1d19
48,06a72185-0107-4a26-9bde-ed3983b4f88c
39,f0613af4-10cf-4440-b719-8c2b9148b472
30,90bdec2d-fe17-4fb5-85ad-390c135f8c33
230,5ef2a643-b987-481b-98c3-2714e37d1c8f
177,e112973f-4cdb-4dcb-b3b4-c5aaeacc919b
178,9a1aa9bf-eb88-433a-8830-56e2fde355e1
194,f1397fef-b0cb-416d-94e6-004e8a36a4bb
57,c9f698ea-cc8b-4386-896b-e98305771ab8
189,a1528c4e-f2b6-4c17-a5b1-55b27e236a2c
17,f48f44be-345e-40fd-a30d-119a1ffd7b01
21,1f4e8088-9752-4c49-99c6-604f3fe7db29
152,3f396b0b-9540-4c7f-954f-e10133cfe3b2
233,41ea5acf-c9fe-494e-b05d-a5e076259358
135,88d0d3f2-d7fc-451b-af81-6951e8ced63b
36,4f492584-8cb1-4c2d-89ec-e129f499d433
58,94eaf733-9187-4104-b8d4-949ac01d48df
28,c550e83b-61e9-45c6-b9c2-8c828c606fb1
40,e91e9f42-1ca5-4408-b0de-f91b9e4cf537
40,e2af3b2d-4508-40e0-8a07-4dbdd4240d0a
153,043914ce-586a-47e5-8d8b-1bc21791f875
104,d39f7973-eef7-42b1-ac3b-083f50d95990
167,1c88c276-0ac6-4037-9cae-088ada9914a4
203,aafa336c-2e54-46fd-ab9f-ff511c0d7c9d
200,c0e4ace5-7d8d-4d35-8dba-97df8d0a294c
139,2909e5db-cc64-49f8-ab66-6c4339424d5f
1,510dbece-4b74-4d1f-a65d-66edd2ebc328
36,cc06e548-623e-441b-a2b2-6e8e2d7afde8
72,b47c0519-676a-4428-8e86-dccc7d1e450e
249,3a941cfa-bd28-4456-9a15-ec6b312805a8
184,63d32334-8f63-4729-83dc-f72849bebc88
236,efc75365-926d-4fd1-88b5-67953568206b
224,ffd9a373-3f91-472c-a95d-c72d0c84d497
201,df525b39-4480-4560-bda2-d581b0ec8f63
91,3bbeee28-3c49-4f22-bd9f-309ab252d04d
41,8d615226-bfb8-4c54-95ec-570c4c9a6b4d
137,171742fc-fcbc-4f81-b69f-3c5890e944e1
138,404ddf4f-16dd-40df-ad93-a08dc48da029
106,0b724010-bb47-41be-9354-f5aef3cbad15
9,db4f68d8-7b91-44cb-a84f-a6af76b1ab0c
130,a5ab77e7-d7ea-444a-b63d-6dee0df225b7
241,d083d7ca-ad62-471a-8317-beea2e04c9e6
205,4a19be26-eca3-47bb-a904-45c88d30209d
27,3d952040-c453-4dba-b580-e00dd3fbaa76
6,b86304f6-9942-461b-86b2-3b97268bc18e
63,d979d0ea-09f4-4072-96df-8b1ad5b931e9
210,8313039e-0885-4ac2-98bf-72d681ec39f7
topic_id", title", sessionNumber", lastUpdated
122,75bd6215-7f0a-47ce-a852-9c7d92f290fc,68,2020
100,fc9d9d79-f026-47ee-824c-4bcbf7c4ac81,45,2020
41,03f07aa2-7fe6-418d-8483-b91babe8424e,70,2020
44,47fc7e2e-ef1f-4673-81c3-2ed6d2d746ec,36,2020
89,219584c0-64fb-4cd8-8105-3568ec97a31d,46,2020
34,b222f346-abf6-40d6-abc2-d2a27febac04,19,2020
175,bb7820a8-0ebe-4b19-9118-d2b6a66b8985,85,2020
166,20210ab9-5821-4a75-ab0c-16c8fefd45dc,8,2020
216,85fcff16-b278-4411-b479-7a72cb2125a0,42,2020
98,7c763c94-2ea3-4d88-88ee-2c238806fbd6,46,2020
126,dedba26c-a24b-43f5-9d3b-39b21d0df8e1,32,2020
96,271064ee-f335-415d-8f1f-81d558198e19,75,2020
206,68c5676e-06dc-46c3-b800-0614022a5901,23,2020
69,68524b61-42f4-48dc-97e9-eb6c2c674a62,65,2020
106,5c795f67-ffce-445b-9af9-d407dbe44da8,1,2020
140,1de5e99e-1c5f-4ce3-989c-d118a08a4456,61,2020
81,0559a77a-5487-47ce-8396-7d12dcbf0586,55,2020
218,0e38ba37-271d-4d21-a9c5-38f7ae47eeba,5,2020
225,6b53d078-08fb-4eba-be94-f6bbc41998f0,93,2020
232,639bd706-a0ad-4839-9a8d-de98a3a5169a,43,2020
128,d335d003-216e-47a5-a3ce-1dbc4f647229,21,2020
1,8f868079-6b4f-4688-8de4-6aa3d5732709,63,2020
194,824b0e2b-0798-4bb0-a57a-a49e3d5afe80,84,2020
209,2aacd2a0-36b2-4355-b725-ab0982b79c26,7,2020
62,5e81748b-9a4a-4cce-a395-205ca7f65a61,19,2020
248,a0039527-caac-4802-94bf-c91da6e17ea1,96,2020
69,8f619f3a-9bf3-4ec3-9456-876e15843994,18,2020
239,3f9b2a5d-a30f-49e4-869f-ceea9be32a94,22,2020
121,579fbb3a-f449-4f67-b98c-10c73d535a4d,25,2020
69,26cf35b3-eda9-4e9a-9831-4d7f247600ab,56,2020
7,96d72a56-3aa5-4de2-8b40-6e39cff025c0,72,2020
92,8118dc51-a8f3-476d-821e-7f376f0446d1,65,2020
244,3de2a9d1-a632-431e-82aa-76060a587ee8,60,2020
48,5c2c83b9-f357-4026-8432-86f0fb7b94c0,0,2020
156,b2a708ca-b74d-4610-9cb0-352c1b03da2c,96,2020
98,ce1c2289-a18e-4162-ae0c-08d708fe7e94,15,2020
27,6c82ff1b-43b5-4f58-a95e-3d776aa5d67b,36,2020
182,a7172e93-fff0-4f9b-b7db-d5be5901df76,81,2020
185,9cb2df4d-c99b-406d-ab9c-aa58728f81a3,8,2020
74,8e494794-1e2c-4189-9a96-7a532a9f2de7,63,2020
101,cdea54b8-b777-4adc-896c-b3ab9c38bfb8,43,2020
195,65f65dc4-3d99-4b63-b5af-3897e7e61f6e,0,2020
12,aed90d0f-7be2-4d84-b929-131e78e6b872,30,2020
183,ca31a821-3e0b-401b-a29f-de72a1011f42,29,2020
215,2a72cfff-8dc8-44aa-be59-11f63cdc9e87,5,2020
89,0c7c2522-bf86-46da-a8f7-1591e85a97fc,88,2020
135,0a007def-1c27-481d-adcf-5224065e4641,17,2020
189,46052fd4-a324-4307-a8ef-20a276716f58,62,2020
87,d4e0e6ba-b84c-41c5-8777-6461fc59efb5,90,2020
98,820b40d1-f983-4c52-93a2-cfcd1ff10640,81,2020
162,55c7491d-ec00-4f00-a63c-a4e2c9d82931,81,2020
153,064ab7db-cdd7-42f0-82ba-0b1f1fc653d2,30,2020
142,d4fa6eb0-5ef5-4d3b-8dcc-d7b91c01b0f4,18,2020
89,ab4da08c-6548-4e04-9f21-b7c4a625358d,51,2020
115,f9ff6f7c-fe25-41d5-8b82-1d7e9d76b638,30,2020
203,8240b304-a574-4a1f-985c-9c5a897d376d,27,2020
103,3f803fdc-a68f-48f1-ba23-ceaa4ea75cae,57,2020
41,47e753ef-c9b9-4091-9b49-d1810de2287b,79,2020
37,8ad3ca8a-38fa-4b6e-9afb-3d4fb3957166,20,2020
248,3c925e90-2d0d-4bfd-8719-ca1c25c926b0,63,2020
6,92cc4f09-cb1b-4f32-b746-fa2c87d43ce6,8,2020
4,d3cbdf11-1701-4d56-9e09-81d791b9cda1,55,2020
77,ffa0f109-95fd-4d1a-930d-a759851ef5b0,18,2020
249,6f03deea-a974-47c2-a4ad-dab282bcb4a2,55,2020
121,9d6df279-9281-4a72-a69d-c23aca010871,95,2020
100,07b5483d-ca9b-4115-9884-43c4e8bb5b5d,87,2020
1,ecc68dc1-1110-41ae-b6c8-a05dd1c947f0,59,2020
94,772d998c-a870-4f60-94dd-aabe47fa8c3e,81,2020
206,10105815-cc3d-4f73-b0e2-d16e5ef232d0,15,2020
179,211a63b7-7b9e-4f7c-a61e-d241e555bac6,52,2020
95,f3ebc1ef-9976-4e82-a3cc-dc52d27ddaf4,61,2020
236,5a969f20-8ec5-4218-9719-b152156f3bfb,64,2020
157,37eb9170-6f9c-44e6-86af-0c7c69dbc909,9,2020
25,31ac69ca-28bf-4303-888b-228e60de40c3,70,2020
238,07e6b91e-9ab4-4c73-ac02-11d97ba8f20f,43,2020
195,9e224dbd-5538-46e5-b54c-32bc4ad7b3e3,46,2020
222,9adba83f-328f-4f4f-a302-ae5965ee6da6,90,2020
163,0e701c66-6a06-4468-9b4b-22626eded580,39,2020
60,b3ed82a9-5027-497c-abcc-63d879818db7,44,2020
228,0b22be3a-dd81-4829-bcbc-009049cc8340,97,2020
239,131150fd-10aa-4119-ba1d-054e9bf0da0b,77,2020
157,deacfb66-bfec-4e9c-9319-06ea62cfdc07,82,2020
167,7951163b-17f3-4e4d-87c8-8eddd0fa00d1,93,2020
95,f5a66d76-d2f3-4581-b711-2300598a484b,93,2020
187,deff39a3-582b-4956-b4a2-bc6a31f76683,43,2020
67,3acd3033-6aa9-4188-8971-6e94ffa06f41,36,2020
245,0feb0d54-ea28-4f14-b3c9-a31eeaae30f2,25,2020
89,8a821ede-6fb4-4070-b1f7-78b5163da1cb,81,2020
0,6b044456-7b4b-463f-a49f-e5f707a9101c,33,2020
230,2964a7d8-3a19-48fa-b45e-0c6b2912aad0,21,2020
120,4c8a0556-b6e9-4e0a-8124-808e0f55ecbd,76,2020
176,423fa8ae-db0b-4f59-977a-2adaa96d9ae4,70,2020
64,f4d8cd16-bf82-4d34-9177-8a7d642e1d9e,44,2020
131,be0321d2-9ad7-4342-b9cd-8b25c9d1e3d3,23,2020
169,b21ac215-c91b-4044-888b-3aace0090f0d,87,2020
94,34a12134-d630-408b-9875-ebcb6c9d056c,93,2020
120,b14ed96c-4aab-47fd-b7cf-b190cf51d257,52,2020
95,236aceb5-5b22-423d-b74a-421ae8c6c1ff,60,2020
53,e21e0bdb-0957-4668-9e4b-0f98f6f38ebd,75,2020
140,d1346d16-ac85-4eba-bd5c-06cd91ee928c,45,2020
75,f50b8034-f3ee-49be-afe2-1f4eac10028b,17,2020
206,94dc9009-ea8a-4b81-bade-73862464204a,86,2020
113,6325cb33-bb04-4de6-af0b-dee27c80a8cb,99,2020
45,a13d0b69-9a23-46d7-91f9-ba5d835faad4,39,2020
88,0d20a756-55d5-4785-ae40-fc58ce90dc62,83,2020
121,e6a564af-f485-4475-8aac-ef1e93d5c109,93,2020
210,4dce045f-4779-4741-8750-e87e17af6baf,58,2020
228,dcd60866-e330-4624-92c2-1dbe1e7dbd84,60,2020
71,524435ec-52c6-4632-9423-e60bc49bf5cd,86,2020
137,474b2b2c-79f6-45bf-ac85-1279a80fa92c,38,2020
34,c7decad9-602a-4260-9132-92906b7c516f,27,2020
170,f0261c49-113c-40f4-b9d9-e0c070f28ed8,35,2020
52,4f8cb2e4-766f-462e-909b-5180736d28a9,13,2020
212,e01268ae-2d3a-49f5-8434-23d427f591ed,59,2020
15,b1c05be5-aebd-4e49-9937-097ede27cae2,25,2020
25,9601f096-f5f1-4278-ab9d-43a58c38c999,46,2020
26,de5dfe10-3f51-4d0c-b54a-ce510db18ac9,37,2020
36,e88981b1-d3e6-4f16-ae10-85383bb2f615,38,2020
144,a6789069-e179-4f5d-aeb7-2c33459bdeb5,69,2020
190,8867ac33-5fcb-4cca-8ff3-819e18c54f4c,76,2020
26,09d3cfc2-d8ce-4bf5-9c6b-ba6690468897,67,2020
245,9f43e16b-c380-4cbe-a6f7-3c2ffbb69367,40,2020
218,ab349eaa-b088-471f-86e3-3b00b54e4efb,57,2020
158,ccda6a11-1913-44a4-b9cf-f0e7daaafab0,63,2020
167,6a469123-5823-40a0-8b90-66c0de515090,2,2020
46,d5e370bb-5fa8-4aa6-8b03-860a0f50f43e,72,2020
147,d3f118f7-5553-4d75-96ab-0eafe80c9194,40,2020
215,9a4e5d4f-b9d5-42ab-a017-2a646a612a44,28,2020
228,e1ca2ff7-de1b-48b2-add3-b18f1ad235b9,27,2020
31,eb87a244-b9aa-4219-ba33-2083192ab6b6,90,2020
19,ca4006bc-36e3-4a9f-a749-4a3d333013d6,6,2020
203,7c2942dd-756e-477b-87f9-c8e96d9986c5,37,2020
161,9aa26525-70a0-4779-aa00-eeb6ae59377b,45,2020
83,ac8a1b7a-c4bd-45c9-97b0-8f6fd4f8edf7,37,2020
232,cf917d66-378c-445f-a4b4-c56baf69174e,61,2020
34,a5ec79a3-2963-4fe5-b79e-d699b3114997,56,2020
140,be02f387-f743-4b25-86cd-5ba52aad835b,78,2020
18,4ae097a1-5035-4170-92b0-c43671ab14a2,35,2020
241,280747bf-9503-4589-9270-7e146b9187af,59,2020
194,e44e9702-2581-4ff5-96d8-acfb48f1ccc7,63,2020
55,efdde9cd-96d1-4aff-b80d-a1531d2fa551,73,2020
202,05a03f5b-4899-4208-a559-5a650b3bcbc1,97,2020
69,db507064-983e-46ba-a60e-7754161a690c,85,2020
241,6f6f41d4-b902-42c3-91d9-daf46f746a46,80,2020
156,6b94c6ed-c648-4472-b4dc-f69e5308175a,64,2020
145,2030c79c-dbde-4caa-89b0-d1aa452d0b30,64,2020
3,84856d2b-b8d3-4926-8c6f-fc291c9be25f,33,2020
56,fb7ac701-14f9-4289-8d00-141d96ec9942,59,2020
96,84b50e4c-387e-4ef4-8879-c27d50d6e644,46,2020
148,ae30cf0f-13df-484b-9e6b-d831faff332e,95,2020
163,4c8e0576-bd18-4ff4-a6a7-b641f4a493d3,56,2020
97,7aa38417-f568-448a-b7a4-3724ce5de9cd,99,2020
232,ec484bfe-21dd-491c-8af1-0b80e9eb099d,84,2020
73,94cf28e4-4ebe-43e7-b7f5-eb7cfd2a43d3,99,2020
33,81ec2b0c-2935-4db7-bad4-60d9a257768d,23,2020
246,10332d13-9c96-4a73-b251-20f86bd6b35c,94,2020
155,6d53bf13-7847-40ae-afce-c46063c0a6f5,10,2020
3,66ca4e4d-5dae-4d10-8fa3-88659bd21fda,59,2020
230,e0e0d3bf-643e-41b2-b8c5-68e1d20f854b,1,2020
102,49a368c7-afdb-4676-9306-30cc7647b82d,2,2020
220,6cd99ff5-7143-4aa0-80f6-a1ab01fc8766,80,2020
241,2ecefa7d-afd7-4384-a99c-085965463505,92,2020
160,8c01f40a-58e3-4f71-8d12-45d7a671e85d,11,2020
27,da2d37c2-8a58-4d50-a582-0874286fd85e,93,2020
158,2b2d5db7-7502-46e0-88ac-c5105f4a1c08,79,2020
99,ca6a7b73-e584-4d60-bfdd-b36d8ceccc72,9,2020
24,52d4854f-c4f2-4420-aeac-90e0b2dd5d65,59,2020
96,50c90acc-af36-4511-a179-e8a1abfdd918,28,2020
92,4fac0722-a099-43a3-bd41-3912261036dd,68,2020
81,afd022cb-c188-4002-a698-adc895e11e82,47,2020
93,436adc6a-b8f0-4713-b89a-6420e34ef7ce,51,2020
106,ddc08cb7-187f-4ee0-95f7-c165fef5538e,77,2020
146,323eeb89-1535-4cce-be60-8b13a2377301,99,2020
9,34df5b3e-a5ba-4e51-896c-15d9ef6acfba,14,2020
216,7421fe2f-f1b8-4911-acf6-477c5f255f52,11,2020
192,906b9ec4-7a3f-435e-84c2-319109ad3c4d,88,2020
230,55ce3b9c-d153-4281-8057-adbfb4dd62d5,62,2020
192,5f3b0d11-4d70-4423-9e5b-3acbfe5575fe,88,2020
226,88b4536d-2c9e-43dc-8160-3d8a98859536,83,2020
130,01a225a6-3483-45c5-a705-595893f0c463,82,2020
76,54dd1e52-bfce-46ba-acc5-99922667ad86,57,2020
34,55a3cd93-33c9-427f-87ea-936688bdc8d4,13,2020
202,01a02ed0-8ace-4e1d-9989-17055f050122,15,2020
205,267a4ae6-761e-448c-a7ce-3cf0ce7877f0,34,2020
215,a7bda628-229a-4878-966c-02f806936406,69,2020
44,60e37435-b976-47da-ad2a-49f91a986ac3,34,2020
133,d2032e52-b9c9-4b19-b8e9-3d3b20a0e2e5,5,2020
58,a39e81e7-257e-4ca8-b461-772b3edb9797,70,2020
238,76501097-62eb-4bac-a734-053d276df1d7,5,2020
119,f6bb35f3-46b0-41bb-a023-16a5e9cc4222,47,2020
36,582c35c0-d993-4bd1-8a73-e2124d2b05d7,17,2020
21,16c2785a-34bf-40ab-8b8c-63cad517fe32,75,2020
203,02e9097f-98ff-4b22-ada1-26d61b38fff6,14,2020
168,81e47939-a553-4ee4-8493-e5fc0087e355,46,2020
250,0925bb06-57bb-4d0d-820e-96bc4d1fd4ca,96,2020
49,8f9ee9ff-66b4-440d-8807-659d1b0d38cd,29,2020
25,2a2351f4-4fdd-4c39-9da5-1a7bbc8e731b,78,2020
205,422ab164-7315-4beb-bf14-adba47b0ce86,56,2020
163,0e3b0c6b-f183-45d0-9726-7ec5200ee2cf,95,2020
93,d668e446-3258-4f70-a2a8-1511b9b46388,84,2020
134,638ae519-ddc6-42e9-9c14-8364e1519e51,51,2020
101,a2e8fb89-701f-4cec-ba1a-6e1b5ff9d826,91,2020
147,f5e26634-0cf5-4ee0-98ef-8ff787ec30a8,72,2020
206,c2297bf6-feb8-4cf7-ad06-164ada092abd,20,2020
31,36458f48-55f4-4616-8092-6def4d5169db,27,2020
196,cdcea134-4cf7-4757-9c06-81ea1d92c73c,65,2020
26,f9ac5451-5ea2-4d7f-838a-431d2a039a51,4,2020
150,3733bc8f-bd0c-46fe-8555-75e90b7361d3,80,2020
40,91389b38-1aba-4121-ab96-090233a47b2d,18,2020
107,415d93d6-22ab-4a59-9351-d2592821fb79,79,2020
116,38f388e0-a40e-41da-be5a-09b888c4b7eb,77,2020
119,52d7e504-3572-40a2-94db-11b3fecbdf90,70,2020
72,91d66549-94e2-44bf-b4af-6ea0c9810c4a,46,2020
230,ed8aa791-7c0a-44db-b5f7-513df5ad1923,93,2020
15,5ecd5ea2-4452-4640-a3f7-d1917cd78101,71,2020
107,7581e778-b71b-497c-98c5-21ed365bd2ae,36,2020
34,bea4037e-f27f-4dd1-8ace-5f718456b80c,87,2020
174,d2ed4f68-5767-4a8d-8c05-b05c32829798,36,2020
132,ffc0b638-66ea-43d7-9036-4fc44add0e42,85,2020
168,52a95e69-f2f9-4d05-bc0f-ca4984ee8bfb,91,2020
8,827f1489-efd3-4ced-b2ce-9af61e384db9,44,2020
143,43981699-1bfd-411b-800b-ee0971ba9a5e,94,2020
83,15b01f0a-19d4-41f9-a9af-56d549293df4,87,2020
16,f1bb7b37-3e3b-4d95-9b0a-d6759e76eb25,43,2020
133,0e8f52f9-5db8-46b3-9122-efec052e7c88,22,2020
231,924c3f2